{"cameraMode":{"drawMode":0,"name":"Shaded","section":"Shading Mode"},"sceneLighting":false,"audioPlay":false,"sceneViewState":{"showFog":true,"showMaterialUpdate":true,"showSkybox":true,"showFlares":true,"showImageEffects":true,"showParticleSystems":true},"in2DMode":false,"pivot":{"x":261.9239196777344,"y":-140.81021118164063,"z":54.15711975097656},"rotation":{"x":0.18188714981079102,"y":0.6364343762397766,"z":-0.15798211097717286,"w":0.7327414751052856},"size":362.97027587890627,"orthographic":false}