{"cameraMode":{"drawMode":0,"name":"Shaded","section":"Shading Mode"},"sceneLighting":true,"audioPlay":false,"sceneViewState":{"showFog":false,"showMaterialUpdate":false,"showSkybox":false,"showFlares":false,"showImageEffects":false,"showParticleSystems":false},"in2DMode":false,"pivot":{"x":70.66828155517578,"y":-23.41146469116211,"z":135.40464782714845},"rotation":{"x":0.14742298424243928,"y":0.2216535210609436,"z":-0.033924855291843417,"w":0.9633199572563171},"size":130.88653564453126,"orthographic":false}