{"cameraMode":{"drawMode":0,"name":"Shaded","section":"Shading Mode"},"sceneLighting":true,"audioPlay":false,"sceneViewState":{"showFog":true,"showMaterialUpdate":true,"showSkybox":true,"showFlares":true,"showImageEffects":true,"showParticleSystems":true},"in2DMode":false,"pivot":{"x":33.222530364990237,"y":2.6920528411865236,"z":54.298545837402347},"rotation":{"x":-0.10694458335638046,"y":-0.2688146233558655,"z":0.030048508197069169,"w":-0.9567646980285645},"size":10.0,"orthographic":false}